{
  "feature_names": [
    "hr_mean",
    "hr_std",
    "hr_min",
    "hr_max",
    "hr_range",
    "hr_cv",
    "hr_median",
    "hr_iqr",
    "hr_skew",
    "temp_mean",
    "temp_std",
    "temp_trend",
    "hr_mean_lag1",
    "hr_mean_lag2",
    "hr_mean_lag3",
    "hr_mean_lag4",
    "hr_mean_rolling_mean",
    "hr_mean_rolling_std",
    "hr_mean_trend",
    "hr_mean_roc",
    "temp_mean_lag1",
    "temp_mean_lag2",
    "temp_mean_lag3",
    "temp_mean_lag4",
    "temp_mean_rolling_mean",
    "temp_mean_rolling_std",
    "temp_mean_trend",
    "temp_mean_roc",
    "hr_stability",
    "sleep_cycle_position"
  ],
  "class_names": [
    "Deep",
    "Light"
  ],
  "scaler_mean": [
    67.92286049941688,
    1.4353338074385504,
    65.61393873910956,
    70.28023564519448,
    4.666296906084928,
    1.9987124488481127,
    67.90599437469986,
    2.3343312238457834,
    0.020442615395018307,
    33.94902376664721,
    0.03437729867621336,
    9.369541773015845e-06,
    67.94964078113924,
    67.97610644051132,
    68.0040762959914,
    68.03341289931628,
    67.96497800711546,
    3.069110904677333,
    -0.11687719238069101,
    0.005808568779518766,
    33.94703688805961,
    33.94503264764629,
    33.943017396737005,
    33.94099900160507,
    33.94644104195885,
    0.07706139774474499,
    0.016768503843315147,
    0.000551450663625365,
    3.069110904677333,
    0.48264274770757587
  ],
  "scaler_scale": [
    13.081131586177442,
    2.0454160687389358,
    11.977000482489023,
    14.561626752782601,
    6.482390339243991,
    2.521766642797242,
    13.195391550377234,
    3.627319444535575,
    0.7065736293399504,
    1.8221727319823158,
    0.06853783994225811,
    0.00017666897353757393,
    13.082752658025516,
    13.083525600762517,
    13.088518198214272,
    13.094133947274532,
    12.260621646936603,
    4.320474275739763,
    9.715955531723647,
    0.12750415744184984,
    1.8224738639100617,
    1.822746409040663,
    1.8230137115641107,
    1.8232811553225343,
    1.8203855081612628,
    0.13030514744353305,
    0.2609898006603551,
    0.007833317638457892,
    4.320474275739763,
    0.287343499104143
  ],
  "input_shape": [
    1,
    30
  ],
  "output_shape": [
    1,
    2
  ]
}